{
    "val_acc": [
        0.0,
        0.0,
        0.0,
        0.0,
        0.0,
        0.0,
        0.0,
        9.999999776482581e-05,
        0.00019999999552965163,
        9.999999776482581e-05,
        0.0004999999888241291,
        0.00019999999552965163,
        0.00019999999552965163,
        0.00029999999329447744,
        0.00039999999105930326,
        0.00039999999105930326,
        0.00039999999105930326,
        0.00029999999329447744,
        0.00029999999329447744,
        0.00039999999105930326,
        0.001099999975413084,
        0.0006999999843537808,
        0.0007999999821186065,
        0.0005999999865889549,
        0.0006999999843537808,
        0.0007999999821186065,
        0.0012999999709427358,
        0.001099999975413084,
        0.001699999962002039,
        0.0007999999821186065,
        0.0012999999709427358,
        0.0007999999821186065,
        0.001599999964237213,
        0.0011999999731779098,
        0.0019999999552965165,
        0.0012999999709427358,
        0.001699999962002039,
        0.0024999999441206455,
        0.0025999999418854715,
        0.002699999939650297
    ],
    "loss": [
        0.01039619184564799,
        0.007812248526606709,
        0.006924786421004683,
        0.006443313551135361,
        0.0061559873493388295,
        0.00595279028872028,
        0.0058144522132352,
        0.005700517885852605,
        0.005616657442878932,
        0.005529585231561214,
        0.005480229582171887,
        0.005436756589915603,
        0.005398979191668331,
        0.005345720322802663,
        0.005317828746046871,
        0.005288310730829835,
        0.0052639702567830685,
        0.005249515557661653,
        0.005220748090650886,
        0.005203709159977734,
        0.005201674110721797,
        0.005172670506872237,
        0.005167130683548749,
        0.005148892910219729,
        0.005133314484264701,
        0.005120882706250995,
        0.005109144994057715,
        0.005099486382678151,
        0.005102448451798409,
        0.005074492876883596,
        0.005091848848387599,
        0.00507661099312827,
        0.005062666817102581,
        0.005055046807974577,
        0.005059267235919833,
        0.005044170068576932,
        0.005043183534871787,
        0.005034980848431587,
        0.005039425566792488,
        0.005024128158111125
    ],
    "acc": [
        0.0007999999821186065,
        0.001699999962002039,
        0.0007999999821186065,
        0.0011999999731779098,
        0.0005999999865889549,
        0.0018999999575316905,
        0.0006999999843537808,
        0.0017999999597668648,
        0.0011999999731779098,
        0.0014999999664723873,
        0.0009999999776482583,
        0.0011999999731779098,
        0.0013999999687075615,
        0.001099999975413084,
        0.0012999999709427358,
        0.0017999999597668648,
        0.0023999999463558195,
        0.0017999999597668648,
        0.0011999999731779098,
        0.0013999999687075615,
        0.0018999999575316905,
        0.0012999999709427358,
        0.0013999999687075615,
        0.0013999999687075615,
        0.0013999999687075615,
        0.002299999948590994,
        0.002199999950826168,
        0.002199999950826168,
        0.0013999999687075615,
        0.0011999999731779098,
        0.0012999999709427358,
        0.0019999999552965165,
        0.0014999999664723873,
        0.0024999999441206455,
        0.002199999950826168,
        0.001699999962002039,
        0.001599999964237213,
        0.002699999939650297,
        0.002099999953061342,
        0.001599999964237213
    ],
    "val_loss": [
        0.006716278351377696,
        0.006000453017186373,
        0.005682177329435945,
        0.0054847314534708855,
        0.005355115060228855,
        0.005263218970503658,
        0.005199686214327812,
        0.005144223666284233,
        0.005103285596705973,
        0.005063974855002016,
        0.0050425911834463474,
        0.005010969268623739,
        0.004991835914552212,
        0.004966006234753877,
        0.004945557662285865,
        0.004960104436613619,
        0.004930165216792375,
        0.0049267523689195515,
        0.004916648927610368,
        0.0048963325191289184,
        0.004896738927345723,
        0.004874097045976669,
        0.004886818306986242,
        0.004877808352466673,
        0.004870876900386065,
        0.0048622920596972105,
        0.004844816529657692,
        0.004848713811952621,
        0.004852329567074776,
        0.004841979965567589,
        0.004831151361577213,
        0.004834620314650238,
        0.004834683462977409,
        0.004834299643989653,
        0.004819918440189213,
        0.004813091843388974,
        0.004831325602717698,
        0.004814113113097846,
        0.004798943938221782,
        0.00481591094052419
    ]
}