{
    "val_loss": [
        0.22986932516098021,
        0.22096663393080235,
        0.21768251053988932,
        0.2160310522466898,
        0.21500901773571968,
        0.21430040746927262,
        0.21378761932253837,
        0.21339643597602845,
        0.2130902676284313,
        0.21284233376383782
    ],
    "loss": [
        0.26782725006341934,
        0.23209144316613675,
        0.22397679515182972,
        0.22045704804360866,
        0.21842701971530915,
        0.21710157819092274,
        0.21618612453341485,
        0.215508364289999,
        0.21498985454440117,
        0.2145783541351557
    ],
    "val_acc": [
        0.0,
        0.0,
        0.0,
        0.0,
        0.0,
        0.0,
        0.0,
        9.999999776482581e-05,
        0.0,
        0.0
    ],
    "acc": [
        0.00029999999329447744,
        0.0007999999821186065,
        0.0029999999329447745,
        0.0023999999463558195,
        0.002099999953061342,
        0.001699999962002039,
        0.002199999950826168,
        0.0014999999664723873,
        0.001599999964237213,
        0.0013999999687075615
    ]
}