{
    "acc": [
        0.0297999994084239,
        0.02829999936744571,
        0.028399999402463436,
        0.030899999346584082,
        0.03209999937564135,
        0.029399999380111695,
        0.030599999334663154,
        0.0301999993622303,
        0.029599999375641346,
        0.02949999935925007,
        0.02809999940916896,
        0.030599999390542507,
        0.028299999441951513,
        0.02929999936372042,
        0.02899999938905239,
        0.030999999325722456,
        0.027499999441206454,
        0.0268999994173646,
        0.028399999421089887,
        0.028799999374896287,
        0.029599999338388444,
        0.029199999384582044,
        0.027599999401718377,
        0.025999999418854714,
        0.03099999936297536,
        0.03059999944642186,
        0.02949999935925007,
        0.0270999994315207,
        0.031299999356269835,
        0.027699999399483203,
        0.028699999395757913,
        0.03219999931752682,
        0.030399999413639307,
        0.027699999399483203,
        0.031099999360740184,
        0.03269999934360385,
        0.028899999372661113
    ],
    "val_loss": [
        56.673415203094486,
        56.6348441696167,
        56.651181583404544,
        56.667304496765134,
        56.61041172027588,
        56.60958797454834,
        56.604964332580565,
        56.61665937423706,
        56.63741418838501,
        56.614007053375246,
        56.628689002990725,
        56.64248428344727,
        56.63640281677246,
        56.6033536529541,
        56.64530662536621,
        56.58587339401245,
        56.599060688018795,
        56.595785751342774,
        56.59017168045044,
        56.6299853515625,
        56.585245265960694,
        56.60263427734375,
        56.648138542175296,
        56.63624753952026,
        56.63688257217407,
        56.58363624572754,
        56.59459396362305,
        56.634074935913084,
        56.63927583694458,
        56.633162307739255,
        56.60908033370972,
        56.60282518386841,
        56.59669376373291,
        56.59943525314331,
        56.5906348991394,
        56.6215754699707,
        56.610824527740476
    ],
    "val_acc": [
        0.028399999383836985,
        0.0303999993391335,
        0.02949999935925007,
        0.025099999457597732,
        0.03159999934956431,
        0.02829999940469861,
        0.030999999325722456,
        0.03219999935477972,
        0.03279999930411577,
        0.0303999993391335,
        0.02639999944716692,
        0.029899999350309372,
        0.028599999397993087,
        0.033399999365210535,
        0.031099999379366635,
        0.029299999419599772,
        0.028799999374896287,
        0.027299999445676803,
        0.028299999441951513,
        0.02929999938234687,
        0.03119999933987856,
        0.030099999383091925,
        0.030099999364465474,
        0.026999999471008777,
        0.03319999929517507,
        0.03349999938160181,
        0.029099999349564313,
        0.031399999372661115,
        0.03139999935403466,
        0.03079999938607216,
        0.02829999938607216,
        0.028399999402463436,
        0.03119999933987856,
        0.026199999414384365,
        0.030299999341368674,
        0.02909999938681722,
        0.030799999367445707
    ],
    "loss": [
        57.87261629104614,
        56.64449607849121,
        56.63194381713867,
        56.64229946136474,
        56.607989196777346,
        56.62803213119507,
        56.608249530792236,
        56.62016216278076,
        56.628012828826904,
        56.62885717391968,
        56.63945873260498,
        56.63518072128296,
        56.61607032775879,
        56.61518951416016,
        56.600804233551024,
        56.61630750656128,
        56.62041215896606,
        56.59245016098023,
        56.616289978027346,
        56.63786996841431,
        56.619328784942624,
        56.616735000610355,
        56.623763484954836,
        56.60676387786865,
        56.57504083633423,
        56.597704906463626,
        56.616422958374024,
        56.581728801727294,
        56.633929061889646,
        56.60412614822388,
        56.62907077789307,
        56.59514337539673,
        56.615518493652345,
        56.62634611129761,
        56.616566066741946,
        56.62729856491089,
        56.60306200027466
    ]
}